name,position,no,team_name,team_league,url
弓立　詩菜,GK,1,東海大学付属福岡高等学校,1部リーグ,https://q-league.net/club/fukuoka-highschool/
細江　乃梨華,DF,2,東海大学付属福岡高等学校,1部リーグ,https://q-league.net/club/fukuoka-highschool/
田中　つばさ,DF,3,東海大学付属福岡高等学校,1部リーグ,https://q-league.net/club/fukuoka-highschool/
前多　祐里奈,DF,4,東海大学付属福岡高等学校,1部リーグ,https://q-league.net/club/fukuoka-highschool/
平良　夢華,DF,5,東海大学付属福岡高等学校,1部リーグ,https://q-league.net/club/fukuoka-highschool/
伊藤　聖菜,DF,6,東海大学付属福岡高等学校,1部リーグ,https://q-league.net/club/fukuoka-highschool/
藤本　夢空,MF,7,東海大学付属福岡高等学校,1部リーグ,https://q-league.net/club/fukuoka-highschool/
朝比　雪華,MF,8,東海大学付属福岡高等学校,1部リーグ,https://q-league.net/club/fukuoka-highschool/
山田　愛実,FW,9,東海大学付属福岡高等学校,1部リーグ,https://q-league.net/club/fukuoka-highschool/
林　南花,DF,10,東海大学付属福岡高等学校,1部リーグ,https://q-league.net/club/fukuoka-highschool/
横田　ひまり,FW,11,東海大学付属福岡高等学校,1部リーグ,https://q-league.net/club/fukuoka-highschool/
西村　妃加,DF,12,東海大学付属福岡高等学校,1部リーグ,https://q-league.net/club/fukuoka-highschool/
津嘉山　礼良,MF,13,東海大学付属福岡高等学校,1部リーグ,https://q-league.net/club/fukuoka-highschool/
井手　穂花,FW,14,東海大学付属福岡高等学校,1部リーグ,https://q-league.net/club/fukuoka-highschool/
楢崎　綾香,MF,15,東海大学付属福岡高等学校,1部リーグ,https://q-league.net/club/fukuoka-highschool/
富沢　侑和,DF,16,東海大学付属福岡高等学校,1部リーグ,https://q-league.net/club/fukuoka-highschool/
伊藤　遥花,GK,17,東海大学付属福岡高等学校,1部リーグ,https://q-league.net/club/fukuoka-highschool/
神田　心未,DF,18,東海大学付属福岡高等学校,1部リーグ,https://q-league.net/club/fukuoka-highschool/
草原　愛莉,FW,19,東海大学付属福岡高等学校,1部リーグ,https://q-league.net/club/fukuoka-highschool/
岐部　桜,MF,20,東海大学付属福岡高等学校,1部リーグ,https://q-league.net/club/fukuoka-highschool/
中谷　百音,MF,21,東海大学付属福岡高等学校,1部リーグ,https://q-league.net/club/fukuoka-highschool/
菅原　菜楠,MF,22,東海大学付属福岡高等学校,1部リーグ,https://q-league.net/club/fukuoka-highschool/
須田　弥美樹,GK,23,東海大学付属福岡高等学校,1部リーグ,https://q-league.net/club/fukuoka-highschool/
田中　結菜,MF,24,東海大学付属福岡高等学校,1部リーグ,https://q-league.net/club/fukuoka-highschool/
岡﨑　愛未,FW,25,東海大学付属福岡高等学校,1部リーグ,https://q-league.net/club/fukuoka-highschool/
重信　捺,DF,26,東海大学付属福岡高等学校,1部リーグ,https://q-league.net/club/fukuoka-highschool/
玉城　風帆,MF,27,東海大学付属福岡高等学校,1部リーグ,https://q-league.net/club/fukuoka-highschool/
藤本　萌空,FW,28,東海大学付属福岡高等学校,1部リーグ,https://q-league.net/club/fukuoka-highschool/
山部　愛凜,MF,29,東海大学付属福岡高等学校,1部リーグ,https://q-league.net/club/fukuoka-highschool/
伊藤　翼,DF,30,東海大学付属福岡高等学校,1部リーグ,https://q-league.net/club/fukuoka-highschool/
梶原　莉乃,MF,31,東海大学付属福岡高等学校,1部リーグ,https://q-league.net/club/fukuoka-highschool/
梶原　愛梨,DF,32,東海大学付属福岡高等学校,1部リーグ,https://q-league.net/club/fukuoka-highschool/
三根　亜澄,MF,33,東海大学付属福岡高等学校,1部リーグ,https://q-league.net/club/fukuoka-highschool/
大島　愛莉,MF,34,東海大学付属福岡高等学校,1部リーグ,https://q-league.net/club/fukuoka-highschool/
森川　楓花,FW,35,東海大学付属福岡高等学校,1部リーグ,https://q-league.net/club/fukuoka-highschool/
森山　絆杏,MF,36,東海大学付属福岡高等学校,1部リーグ,https://q-league.net/club/fukuoka-highschool/
廖　玟淇,GK/FW,1,琉球デイゴス,1部リーグ,https://q-league.net/club/deigos/
町田　茉衣,DF,2,琉球デイゴス,1部リーグ,https://q-league.net/club/deigos/
高田　京香,DF,3,琉球デイゴス,1部リーグ,https://q-league.net/club/deigos/
有吉　優里菜,MF,4,琉球デイゴス,1部リーグ,https://q-league.net/club/deigos/
張　愫心,DF,5,琉球デイゴス,1部リーグ,https://q-league.net/club/deigos/
小池　雪月,MF,6,琉球デイゴス,1部リーグ,https://q-league.net/club/deigos/
青島　雅,DF,7,琉球デイゴス,1部リーグ,https://q-league.net/club/deigos/
杉村　美星,MF,8,琉球デイゴス,1部リーグ,https://q-league.net/club/deigos/
塚八　紗英,MF,9,琉球デイゴス,1部リーグ,https://q-league.net/club/deigos/
富沢　藍那,MF,10,琉球デイゴス,1部リーグ,https://q-league.net/club/deigos/
儀間　綾香,MF,13,琉球デイゴス,1部リーグ,https://q-league.net/club/deigos/
林　煌乃,DF,18,琉球デイゴス,1部リーグ,https://q-league.net/club/deigos/
浅利　真耶,GK,19,琉球デイゴス,1部リーグ,https://q-league.net/club/deigos/
伊井　清乃,DF,20,琉球デイゴス,1部リーグ,https://q-league.net/club/deigos/
ﾀﾞｰｻﾝ ｼｬｰﾘｰﾝ 亜美果,GK,21,琉球デイゴス,1部リーグ,https://q-league.net/club/deigos/
渡辺　樹里,MF,22,琉球デイゴス,1部リーグ,https://q-league.net/club/deigos/
玉城　美優,MF,23,琉球デイゴス,1部リーグ,https://q-league.net/club/deigos/
津曲　和美,GK,1,神村学園高等部女子サッカー部,1部リーグ,https://q-league.net/club/kamimura/
春園　虹天,DF,2,神村学園高等部女子サッカー部,1部リーグ,https://q-league.net/club/kamimura/
茂谷　珠那,DF,3,神村学園高等部女子サッカー部,1部リーグ,https://q-league.net/club/kamimura/
児玉　一穂,DF,4,神村学園高等部女子サッカー部,1部リーグ,https://q-league.net/club/kamimura/
野村　夏鈴,DF,5,神村学園高等部女子サッカー部,1部リーグ,https://q-league.net/club/kamimura/
岡部　光流,MF,6,神村学園高等部女子サッカー部,1部リーグ,https://q-league.net/club/kamimura/
塚本　聖菜,FW,7,神村学園高等部女子サッカー部,1部リーグ,https://q-league.net/club/kamimura/
森田　こころ,DF,8,神村学園高等部女子サッカー部,1部リーグ,https://q-league.net/club/kamimura/
新原　由菜,MF,9,神村学園高等部女子サッカー部,1部リーグ,https://q-league.net/club/kamimura/
上田　彩葉,MF,10,神村学園高等部女子サッカー部,1部リーグ,https://q-league.net/club/kamimura/
原口　鈴音,MF,11,神村学園高等部女子サッカー部,1部リーグ,https://q-league.net/club/kamimura/
椛島　千和,DF,12,神村学園高等部女子サッカー部,1部リーグ,https://q-league.net/club/kamimura/
新屋　奈々,GK,13,神村学園高等部女子サッカー部,1部リーグ,https://q-league.net/club/kamimura/
久保　百果,MF,14,神村学園高等部女子サッカー部,1部リーグ,https://q-league.net/club/kamimura/
成田　夢愛,DF,16,神村学園高等部女子サッカー部,1部リーグ,https://q-league.net/club/kamimura/
上田　麻莉,MF,17,神村学園高等部女子サッカー部,1部リーグ,https://q-league.net/club/kamimura/
西濱　優花,MF,18,神村学園高等部女子サッカー部,1部リーグ,https://q-league.net/club/kamimura/
廣田　凛,DF,19,神村学園高等部女子サッカー部,1部リーグ,https://q-league.net/club/kamimura/
前田　紡,MF,20,神村学園高等部女子サッカー部,1部リーグ,https://q-league.net/club/kamimura/
舟之川　桃果,MF,21,神村学園高等部女子サッカー部,1部リーグ,https://q-league.net/club/kamimura/
中野　結菜,MF,22,神村学園高等部女子サッカー部,1部リーグ,https://q-league.net/club/kamimura/
竹下　礼華,MF,23,神村学園高等部女子サッカー部,1部リーグ,https://q-league.net/club/kamimura/
五十嵐　碧,DF,24,神村学園高等部女子サッカー部,1部リーグ,https://q-league.net/club/kamimura/
西　結来,GK,25,神村学園高等部女子サッカー部,1部リーグ,https://q-league.net/club/kamimura/
尾中　明莉,DF,26,神村学園高等部女子サッカー部,1部リーグ,https://q-league.net/club/kamimura/
一木　知華,MF,27,神村学園高等部女子サッカー部,1部リーグ,https://q-league.net/club/kamimura/
岩下　沙羽,MF,28,神村学園高等部女子サッカー部,1部リーグ,https://q-league.net/club/kamimura/
折田　陽和,DF,29,神村学園高等部女子サッカー部,1部リーグ,https://q-league.net/club/kamimura/
濱田　桃奈,GK,30,神村学園高等部女子サッカー部,1部リーグ,https://q-league.net/club/kamimura/
杉森　望愛,DF,31,神村学園高等部女子サッカー部,1部リーグ,https://q-league.net/club/kamimura/
村滝　るか,DF,32,神村学園高等部女子サッカー部,1部リーグ,https://q-league.net/club/kamimura/
田中　愛子,DF,33,神村学園高等部女子サッカー部,1部リーグ,https://q-league.net/club/kamimura/
橋口　彩羽,MF,34,神村学園高等部女子サッカー部,1部リーグ,https://q-league.net/club/kamimura/
西山　歩海,GK,35,神村学園高等部女子サッカー部,1部リーグ,https://q-league.net/club/kamimura/
安田　美泉,FW,36,神村学園高等部女子サッカー部,1部リーグ,https://q-league.net/club/kamimura/
吉田　歩奈,MF,37,神村学園高等部女子サッカー部,1部リーグ,https://q-league.net/club/kamimura/
山野　蒼空,MF,38,神村学園高等部女子サッカー部,1部リーグ,https://q-league.net/club/kamimura/
渡辺　稚菜,DF,39,神村学園高等部女子サッカー部,1部リーグ,https://q-league.net/club/kamimura/
漆島　祐衣,MF,40,神村学園高等部女子サッカー部,1部リーグ,https://q-league.net/club/kamimura/
松山　みらい,DF,41,神村学園高等部女子サッカー部,1部リーグ,https://q-league.net/club/kamimura/
桑代　心彩,MF,42,神村学園高等部女子サッカー部,1部リーグ,https://q-league.net/club/kamimura/
四元　輝,FW,43,神村学園高等部女子サッカー部,1部リーグ,https://q-league.net/club/kamimura/
原田　真心,MF,44,神村学園高等部女子サッカー部,1部リーグ,https://q-league.net/club/kamimura/
坂元　めい,MF,45,神村学園高等部女子サッカー部,1部リーグ,https://q-league.net/club/kamimura/
中野　美結,MF,46,神村学園高等部女子サッカー部,1部リーグ,https://q-league.net/club/kamimura/
坂本　日和,FW,47,神村学園高等部女子サッカー部,1部リーグ,https://q-league.net/club/kamimura/
関　彩雲,DF,48,神村学園高等部女子サッカー部,1部リーグ,https://q-league.net/club/kamimura/
谷口　絢音,MF,49,神村学園高等部女子サッカー部,1部リーグ,https://q-league.net/club/kamimura/
土山　紗也佳,DF,50,神村学園高等部女子サッカー部,1部リーグ,https://q-league.net/club/kamimura/
中地　沙里,MF,51,神村学園高等部女子サッカー部,1部リーグ,https://q-league.net/club/kamimura/
福永　葵月,MF,52,神村学園高等部女子サッカー部,1部リーグ,https://q-league.net/club/kamimura/
藤本　理杏,MF,53,神村学園高等部女子サッカー部,1部リーグ,https://q-league.net/club/kamimura/
船場　彩乃,DF,54,神村学園高等部女子サッカー部,1部リーグ,https://q-league.net/club/kamimura/
中村　葵,MF,55,神村学園高等部女子サッカー部,1部リーグ,https://q-league.net/club/kamimura/
西　睦月,MF,56,神村学園高等部女子サッカー部,1部リーグ,https://q-league.net/club/kamimura/
黒石　梅,MF,57,神村学園高等部女子サッカー部,1部リーグ,https://q-league.net/club/kamimura/
沖口　琉華,MF,58,神村学園高等部女子サッカー部,1部リーグ,https://q-league.net/club/kamimura/
橋　あんず,MF,59,神村学園高等部女子サッカー部,1部リーグ,https://q-league.net/club/kamimura/
千々和　桃,GK,1,秀岳館高等学校,1部リーグ,https://q-league.net/club/syugakukan/
川添　凛音,FW,2,秀岳館高等学校,1部リーグ,https://q-league.net/club/syugakukan/
橋谷　麻莉,DF,3,秀岳館高等学校,1部リーグ,https://q-league.net/club/syugakukan/
河田　柚奈,DF,4,秀岳館高等学校,1部リーグ,https://q-league.net/club/syugakukan/
積　紫花,DF,5,秀岳館高等学校,1部リーグ,https://q-league.net/club/syugakukan/
鶴野　凛音,MF,6,秀岳館高等学校,1部リーグ,https://q-league.net/club/syugakukan/
吉岡　杏海,MF,7,秀岳館高等学校,1部リーグ,https://q-league.net/club/syugakukan/
松木　琴依,MF,8,秀岳館高等学校,1部リーグ,https://q-league.net/club/syugakukan/
伊藤　桃愛,FW,9,秀岳館高等学校,1部リーグ,https://q-league.net/club/syugakukan/
河田　和佳奈,DF,10,秀岳館高等学校,1部リーグ,https://q-league.net/club/syugakukan/
高橋　昊,MF,11,秀岳館高等学校,1部リーグ,https://q-league.net/club/syugakukan/
與古田　ルナ,GK,12,秀岳館高等学校,1部リーグ,https://q-league.net/club/syugakukan/
上野　鈴華,MF,13,秀岳館高等学校,1部リーグ,https://q-league.net/club/syugakukan/
永薗　叶乃,FW,14,秀岳館高等学校,1部リーグ,https://q-league.net/club/syugakukan/
知念　舞彩,MF,15,秀岳館高等学校,1部リーグ,https://q-league.net/club/syugakukan/
中野　遼,MF,16,秀岳館高等学校,1部リーグ,https://q-league.net/club/syugakukan/
與那覇　花菜,FW,17,秀岳館高等学校,1部リーグ,https://q-league.net/club/syugakukan/
塩川　心琴,MF,18,秀岳館高等学校,1部リーグ,https://q-league.net/club/syugakukan/
浦里　心結,DF,19,秀岳館高等学校,1部リーグ,https://q-league.net/club/syugakukan/
安次嶺　咲空,MF,20,秀岳館高等学校,1部リーグ,https://q-league.net/club/syugakukan/
上野　りん,MF,21,秀岳館高等学校,1部リーグ,https://q-league.net/club/syugakukan/
大村谷　星来,FW,22,秀岳館高等学校,1部リーグ,https://q-league.net/club/syugakukan/
林　莉帆,MF,23,秀岳館高等学校,1部リーグ,https://q-league.net/club/syugakukan/
永野　詩依梛,MF,24,秀岳館高等学校,1部リーグ,https://q-league.net/club/syugakukan/
三池　華鈴,MF,25,秀岳館高等学校,1部リーグ,https://q-league.net/club/syugakukan/
田中　文渚,MF,26,秀岳館高等学校,1部リーグ,https://q-league.net/club/syugakukan/
下玉利　ゆらら,MF,27,秀岳館高等学校,1部リーグ,https://q-league.net/club/syugakukan/
上　紅愛,MF,28,秀岳館高等学校,1部リーグ,https://q-league.net/club/syugakukan/
浦田　花音,MF,29,秀岳館高等学校,1部リーグ,https://q-league.net/club/syugakukan/
立和田　紗佳,DF,30,秀岳館高等学校,1部リーグ,https://q-league.net/club/syugakukan/
田上　未希,GK,1,国見FCレディース,1部リーグ,https://q-league.net/club/kunimi-fc/
田川　かすみ,DF,2,国見FCレディース,1部リーグ,https://q-league.net/club/kunimi-fc/
珠林　來々,DF,3,国見FCレディース,1部リーグ,https://q-league.net/club/kunimi-fc/
橋本　歩愛,MF,4,国見FCレディース,1部リーグ,https://q-league.net/club/kunimi-fc/
本多　萌百,DF,5,国見FCレディース,1部リーグ,https://q-league.net/club/kunimi-fc/
岡﨑　亜美伽,DF,6,国見FCレディース,1部リーグ,https://q-league.net/club/kunimi-fc/
松村　真生,DF,7,国見FCレディース,1部リーグ,https://q-league.net/club/kunimi-fc/
宮園　華,DF,8,国見FCレディース,1部リーグ,https://q-league.net/club/kunimi-fc/
山下　夢生,MF,9,国見FCレディース,1部リーグ,https://q-league.net/club/kunimi-fc/
中村　怜愛,FW,10,国見FCレディース,1部リーグ,https://q-league.net/club/kunimi-fc/
折原　こころ,FW,11,国見FCレディース,1部リーグ,https://q-league.net/club/kunimi-fc/
正木　唯海,GK,12,国見FCレディース,1部リーグ,https://q-league.net/club/kunimi-fc/
庄司　雅,FW,13,国見FCレディース,1部リーグ,https://q-league.net/club/kunimi-fc/
柴田　陽菜,MF,14,国見FCレディース,1部リーグ,https://q-league.net/club/kunimi-fc/
太田　芽依,DF,15,国見FCレディース,1部リーグ,https://q-league.net/club/kunimi-fc/
梅崎　彩芭,MF,16,国見FCレディース,1部リーグ,https://q-league.net/club/kunimi-fc/
中島　歩夏,DF,17,国見FCレディース,1部リーグ,https://q-league.net/club/kunimi-fc/
桜井　みゆき,MF,18,国見FCレディース,1部リーグ,https://q-league.net/club/kunimi-fc/
田村　華永,MF,19,国見FCレディース,1部リーグ,https://q-league.net/club/kunimi-fc/
井原　遥香,DF,20,国見FCレディース,1部リーグ,https://q-league.net/club/kunimi-fc/
大川内　結香,DF,22,国見FCレディース,1部リーグ,https://q-league.net/club/kunimi-fc/
大山　姫星,GK,1,柳ヶ浦高等学校女子サッカー部,1部リーグ,https://q-league.net/club/yanagigaura/
田中　莉那,DF,2,柳ヶ浦高等学校女子サッカー部,1部リーグ,https://q-league.net/club/yanagigaura/
能田　未愛,DF,3,柳ヶ浦高等学校女子サッカー部,1部リーグ,https://q-league.net/club/yanagigaura/
竹田　美佐也,DF,4,柳ヶ浦高等学校女子サッカー部,1部リーグ,https://q-league.net/club/yanagigaura/
高松　芹羽,DF,5,柳ヶ浦高等学校女子サッカー部,1部リーグ,https://q-league.net/club/yanagigaura/
宝珠　咲羽,MF,6,柳ヶ浦高等学校女子サッカー部,1部リーグ,https://q-league.net/club/yanagigaura/
園　ひなの,MF,7,柳ヶ浦高等学校女子サッカー部,1部リーグ,https://q-league.net/club/yanagigaura/
江﨑　悠乃,MF,8,柳ヶ浦高等学校女子サッカー部,1部リーグ,https://q-league.net/club/yanagigaura/
清水　李々那,FW,9,柳ヶ浦高等学校女子サッカー部,1部リーグ,https://q-league.net/club/yanagigaura/
柴藤　由奈,FW,10,柳ヶ浦高等学校女子サッカー部,1部リーグ,https://q-league.net/club/yanagigaura/
松田　吏真,MF,11,柳ヶ浦高等学校女子サッカー部,1部リーグ,https://q-league.net/club/yanagigaura/
大野　菜緒,GK,12,柳ヶ浦高等学校女子サッカー部,1部リーグ,https://q-league.net/club/yanagigaura/
髙田　紋叶,DF,13,柳ヶ浦高等学校女子サッカー部,1部リーグ,https://q-league.net/club/yanagigaura/
村上　凜果,FW,14,柳ヶ浦高等学校女子サッカー部,1部リーグ,https://q-league.net/club/yanagigaura/
普天間　結陽,DF,15,柳ヶ浦高等学校女子サッカー部,1部リーグ,https://q-league.net/club/yanagigaura/
東　美月,MF,16,柳ヶ浦高等学校女子サッカー部,1部リーグ,https://q-league.net/club/yanagigaura/
羽多野　葵唯,MF,17,柳ヶ浦高等学校女子サッカー部,1部リーグ,https://q-league.net/club/yanagigaura/
榮森　結菜,MF,18,柳ヶ浦高等学校女子サッカー部,1部リーグ,https://q-league.net/club/yanagigaura/
中溝　桃,DF,19,柳ヶ浦高等学校女子サッカー部,1部リーグ,https://q-league.net/club/yanagigaura/
門馬　有琉,MF,20,柳ヶ浦高等学校女子サッカー部,1部リーグ,https://q-league.net/club/yanagigaura/
伊藤　白羽,DF,21,柳ヶ浦高等学校女子サッカー部,1部リーグ,https://q-league.net/club/yanagigaura/
高田　実夢,FW,22,柳ヶ浦高等学校女子サッカー部,1部リーグ,https://q-league.net/club/yanagigaura/
山下　絢香,MF,23,柳ヶ浦高等学校女子サッカー部,1部リーグ,https://q-league.net/club/yanagigaura/
桑原　歩果,MF,24,柳ヶ浦高等学校女子サッカー部,1部リーグ,https://q-league.net/club/yanagigaura/
北横山　愛葵,DF,25,柳ヶ浦高等学校女子サッカー部,1部リーグ,https://q-league.net/club/yanagigaura/
山田　結月,MF,26,柳ヶ浦高等学校女子サッカー部,1部リーグ,https://q-league.net/club/yanagigaura/
山下　佳梨,MF,27,柳ヶ浦高等学校女子サッカー部,1部リーグ,https://q-league.net/club/yanagigaura/
坂本　穂乃佳,MF,28,柳ヶ浦高等学校女子サッカー部,1部リーグ,https://q-league.net/club/yanagigaura/
松原　唯衣,MF,29,柳ヶ浦高等学校女子サッカー部,1部リーグ,https://q-league.net/club/yanagigaura/
山口　咲,FW,30,柳ヶ浦高等学校女子サッカー部,1部リーグ,https://q-league.net/club/yanagigaura/
楠田　遥風,FW,31,柳ヶ浦高等学校女子サッカー部,1部リーグ,https://q-league.net/club/yanagigaura/
麻生　柚,MF,32,柳ヶ浦高等学校女子サッカー部,1部リーグ,https://q-league.net/club/yanagigaura/
村上　安奈,DF,33,柳ヶ浦高等学校女子サッカー部,1部リーグ,https://q-league.net/club/yanagigaura/
小林　萌菜美,DF,34,柳ヶ浦高等学校女子サッカー部,1部リーグ,https://q-league.net/club/yanagigaura/
馬場　八千流,FW,35,柳ヶ浦高等学校女子サッカー部,1部リーグ,https://q-league.net/club/yanagigaura/
松崎　裡愛,MF,36,柳ヶ浦高等学校女子サッカー部,1部リーグ,https://q-league.net/club/yanagigaura/
木下　あかね,FW,37,柳ヶ浦高等学校女子サッカー部,1部リーグ,https://q-league.net/club/yanagigaura/
木戸　うみ,DF,38,柳ヶ浦高等学校女子サッカー部,1部リーグ,https://q-league.net/club/yanagigaura/
小泉　碧美,MF,39,柳ヶ浦高等学校女子サッカー部,1部リーグ,https://q-league.net/club/yanagigaura/
松山　七菜,FW,40,柳ヶ浦高等学校女子サッカー部,1部リーグ,https://q-league.net/club/yanagigaura/
山崎　風輝,MF,41,柳ヶ浦高等学校女子サッカー部,1部リーグ,https://q-league.net/club/yanagigaura/
永野　紗耶菜,MF,42,柳ヶ浦高等学校女子サッカー部,1部リーグ,https://q-league.net/club/yanagigaura/
樽口　文音,GK,43,柳ヶ浦高等学校女子サッカー部,1部リーグ,https://q-league.net/club/yanagigaura/
木本　那麻,MF,44,柳ヶ浦高等学校女子サッカー部,1部リーグ,https://q-league.net/club/yanagigaura/
楠　彩由菜,DF,45,柳ヶ浦高等学校女子サッカー部,1部リーグ,https://q-league.net/club/yanagigaura/
堀　菜々美,FW,46,柳ヶ浦高等学校女子サッカー部,1部リーグ,https://q-league.net/club/yanagigaura/
広瀬　涼羽,MF,47,柳ヶ浦高等学校女子サッカー部,1部リーグ,https://q-league.net/club/yanagigaura/
新里　ひより,MF,48,柳ヶ浦高等学校女子サッカー部,1部リーグ,https://q-league.net/club/yanagigaura/
三村　夢芽,FW,49,柳ヶ浦高等学校女子サッカー部,1部リーグ,https://q-league.net/club/yanagigaura/
田淵　聖那,MF,50,柳ヶ浦高等学校女子サッカー部,1部リーグ,https://q-league.net/club/yanagigaura/
永松　真樹,GK,1,ヴェルスパ大分レディース,1部リーグ,https://q-league.net/club/verspah-oita/
渡邊　恵美子,DF,2,ヴェルスパ大分レディース,1部リーグ,https://q-league.net/club/verspah-oita/
本城　紗也菜,DF,3,ヴェルスパ大分レディース,1部リーグ,https://q-league.net/club/verspah-oita/
竹内　志貴,DF,4,ヴェルスパ大分レディース,1部リーグ,https://q-league.net/club/verspah-oita/
横野　紗羽,FW,6,ヴェルスパ大分レディース,1部リーグ,https://q-league.net/club/verspah-oita/
勘崎　心愛,FW,7,ヴェルスパ大分レディース,1部リーグ,https://q-league.net/club/verspah-oita/
髙本　澪奈,DF,8,ヴェルスパ大分レディース,1部リーグ,https://q-league.net/club/verspah-oita/
釘宮　里沙,MF,9,ヴェルスパ大分レディース,1部リーグ,https://q-league.net/club/verspah-oita/
小野　蓮華,FW,10,ヴェルスパ大分レディース,1部リーグ,https://q-league.net/club/verspah-oita/
伊藤　瑞,MF,11,ヴェルスパ大分レディース,1部リーグ,https://q-league.net/club/verspah-oita/
佐藤　礼佳,DF,13,ヴェルスパ大分レディース,1部リーグ,https://q-league.net/club/verspah-oita/
安部　栞奈,FW,14,ヴェルスパ大分レディース,1部リーグ,https://q-league.net/club/verspah-oita/
堺　彩実,FW,15,ヴェルスパ大分レディース,1部リーグ,https://q-league.net/club/verspah-oita/
麻生　結実,DF,16,ヴェルスパ大分レディース,1部リーグ,https://q-league.net/club/verspah-oita/
松本　芽依,MF,17,ヴェルスパ大分レディース,1部リーグ,https://q-league.net/club/verspah-oita/
二宮　蘭,FW,18,ヴェルスパ大分レディース,1部リーグ,https://q-league.net/club/verspah-oita/
岩崎　結子,DF,19,ヴェルスパ大分レディース,1部リーグ,https://q-league.net/club/verspah-oita/
小泉　杏奈,MF,20,ヴェルスパ大分レディース,1部リーグ,https://q-league.net/club/verspah-oita/
若林　祐衣,GK,21,ヴェルスパ大分レディース,1部リーグ,https://q-league.net/club/verspah-oita/
藤永　遥,DF,22,ヴェルスパ大分レディース,1部リーグ,https://q-league.net/club/verspah-oita/
麻生　葵,FW,23,ヴェルスパ大分レディース,1部リーグ,https://q-league.net/club/verspah-oita/
小野　夏希,FW,24,ヴェルスパ大分レディース,1部リーグ,https://q-league.net/club/verspah-oita/
喜元　はずき,FW,26,ヴェルスパ大分レディース,1部リーグ,https://q-league.net/club/verspah-oita/
小西 空海,GK,1,活水女子大学サッカー部,1部リーグ,https://q-league.net/club/kwassui/
寶満 梨美,DF,2,活水女子大学サッカー部,1部リーグ,https://q-league.net/club/kwassui/
金山 誠空,MF,5,活水女子大学サッカー部,1部リーグ,https://q-league.net/club/kwassui/
栁本 陽,DF,6,活水女子大学サッカー部,1部リーグ,https://q-league.net/club/kwassui/
田中 夏海,DF,7,活水女子大学サッカー部,1部リーグ,https://q-league.net/club/kwassui/
久保 らん河,FW,8,活水女子大学サッカー部,1部リーグ,https://q-league.net/club/kwassui/
中村 朱里,FW,9,活水女子大学サッカー部,1部リーグ,https://q-league.net/club/kwassui/
田中 花奈,MF,10,活水女子大学サッカー部,1部リーグ,https://q-league.net/club/kwassui/
鶴 菜々子,FW,11,活水女子大学サッカー部,1部リーグ,https://q-league.net/club/kwassui/
下田 はづき,MF,12,活水女子大学サッカー部,1部リーグ,https://q-league.net/club/kwassui/
津野田 真桜,MF,13,活水女子大学サッカー部,1部リーグ,https://q-league.net/club/kwassui/
池畑 遥,FW,14,活水女子大学サッカー部,1部リーグ,https://q-league.net/club/kwassui/
藤井 瑠華,DF,16,活水女子大学サッカー部,1部リーグ,https://q-league.net/club/kwassui/
山口 礼結,MF,17,活水女子大学サッカー部,1部リーグ,https://q-league.net/club/kwassui/
松尾 結月,MF,18,活水女子大学サッカー部,1部リーグ,https://q-league.net/club/kwassui/
徳永 深南,GK,21,活水女子大学サッカー部,1部リーグ,https://q-league.net/club/kwassui/
山道 美琴,MF,23,活水女子大学サッカー部,1部リーグ,https://q-league.net/club/kwassui/
加藤 美有,DF,24,活水女子大学サッカー部,1部リーグ,https://q-league.net/club/kwassui/
岩倉 花遥,MF,25,活水女子大学サッカー部,1部リーグ,https://q-league.net/club/kwassui/
吉川 亞希,GK/DF,3,熊本ルネサンスフットボールクラブ,2部リーグ,https://q-league.net/club/renaissance/
矢島 由芽叶,MF,4,熊本ルネサンスフットボールクラブ,2部リーグ,https://q-league.net/club/renaissance/
瀬下 遼子,MF,7,熊本ルネサンスフットボールクラブ,2部リーグ,https://q-league.net/club/renaissance/
猪鹿月 希美,MF,9,熊本ルネサンスフットボールクラブ,2部リーグ,https://q-league.net/club/renaissance/
橋谷 由彩,FW,10,熊本ルネサンスフットボールクラブ,2部リーグ,https://q-league.net/club/renaissance/
瀬戸口 智圭,FW,11,熊本ルネサンスフットボールクラブ,2部リーグ,https://q-league.net/club/renaissance/
岡田 悠,MF,13,熊本ルネサンスフットボールクラブ,2部リーグ,https://q-league.net/club/renaissance/
木庭 葵,FW,14,熊本ルネサンスフットボールクラブ,2部リーグ,https://q-league.net/club/renaissance/
常友 梓帆,DF,15,熊本ルネサンスフットボールクラブ,2部リーグ,https://q-league.net/club/renaissance/
河津 理子,DF,17,熊本ルネサンスフットボールクラブ,2部リーグ,https://q-league.net/club/renaissance/
神谷 佳穂,DF,18,熊本ルネサンスフットボールクラブ,2部リーグ,https://q-league.net/club/renaissance/
立野 鈴奈,GK,22,熊本ルネサンスフットボールクラブ,2部リーグ,https://q-league.net/club/renaissance/
長溝 菜,MF,23,熊本ルネサンスフットボールクラブ,2部リーグ,https://q-league.net/club/renaissance/
三宅　未紗,GK,1,福岡大学サッカー部女子,2部リーグ,https://q-league.net/club/fukudai-avance/
別府　朋香,DF,2,福岡大学サッカー部女子,2部リーグ,https://q-league.net/club/fukudai-avance/
山根　すず,MF,3,福岡大学サッカー部女子,2部リーグ,https://q-league.net/club/fukudai-avance/
井手　花香,DF,4,福岡大学サッカー部女子,2部リーグ,https://q-league.net/club/fukudai-avance/
波多野　蘭,MF,5,福岡大学サッカー部女子,2部リーグ,https://q-league.net/club/fukudai-avance/
平　望優,DF,6,福岡大学サッカー部女子,2部リーグ,https://q-league.net/club/fukudai-avance/
平本　夢乃,MF,7,福岡大学サッカー部女子,2部リーグ,https://q-league.net/club/fukudai-avance/
茅野　愛惠,MF,8,福岡大学サッカー部女子,2部リーグ,https://q-league.net/club/fukudai-avance/
ｶｰﾏｲｹﾙ 愛羅,FW,9,福岡大学サッカー部女子,2部リーグ,https://q-league.net/club/fukudai-avance/
斉藤　彩乃,MF,10,福岡大学サッカー部女子,2部リーグ,https://q-league.net/club/fukudai-avance/
志和知　歩実,FW,11,福岡大学サッカー部女子,2部リーグ,https://q-league.net/club/fukudai-avance/
久本　千紗,GK,12,福岡大学サッカー部女子,2部リーグ,https://q-league.net/club/fukudai-avance/
島田　梨々佳,FW,13,福岡大学サッカー部女子,2部リーグ,https://q-league.net/club/fukudai-avance/
橘　百華,MF,14,福岡大学サッカー部女子,2部リーグ,https://q-league.net/club/fukudai-avance/
西村　久瑠実,MF,15,福岡大学サッカー部女子,2部リーグ,https://q-league.net/club/fukudai-avance/
関　智美,MF,16,福岡大学サッカー部女子,2部リーグ,https://q-league.net/club/fukudai-avance/
池田　かこ,FW,17,福岡大学サッカー部女子,2部リーグ,https://q-league.net/club/fukudai-avance/
川内　花純,DF,18,福岡大学サッカー部女子,2部リーグ,https://q-league.net/club/fukudai-avance/
津田　奏音,FW,19,福岡大学サッカー部女子,2部リーグ,https://q-league.net/club/fukudai-avance/
衛藤　七海,GK,1,大分トリニータレディース,2部リーグ,https://q-league.net/club/oita-trinita/
切封　心花,DF,2,大分トリニータレディース,2部リーグ,https://q-league.net/club/oita-trinita/
本田　麗奈,DF,3,大分トリニータレディース,2部リーグ,https://q-league.net/club/oita-trinita/
大下　紗也奈,DF,4,大分トリニータレディース,2部リーグ,https://q-league.net/club/oita-trinita/
秋月　来望,DF,5,大分トリニータレディース,2部リーグ,https://q-league.net/club/oita-trinita/
宮川　咲輝,MF,6,大分トリニータレディース,2部リーグ,https://q-league.net/club/oita-trinita/
花宮　うの,MF,7,大分トリニータレディース,2部リーグ,https://q-league.net/club/oita-trinita/
今畠　かえで,MF,8,大分トリニータレディース,2部リーグ,https://q-league.net/club/oita-trinita/
村上　叶恋,FW,9,大分トリニータレディース,2部リーグ,https://q-league.net/club/oita-trinita/
今村　咲羽,MF,10,大分トリニータレディース,2部リーグ,https://q-league.net/club/oita-trinita/
竹本　徠愛,FW,11,大分トリニータレディース,2部リーグ,https://q-league.net/club/oita-trinita/
後藤　彩希,GK,12,大分トリニータレディース,2部リーグ,https://q-league.net/club/oita-trinita/
木村　優月,FW,13,大分トリニータレディース,2部リーグ,https://q-league.net/club/oita-trinita/
吉村　菜花,MF,14,大分トリニータレディース,2部リーグ,https://q-league.net/club/oita-trinita/
有田　遍,MF,15,大分トリニータレディース,2部リーグ,https://q-league.net/club/oita-trinita/
加藤　樹里愛,MF,16,大分トリニータレディース,2部リーグ,https://q-league.net/club/oita-trinita/
西田　愛奈,FW,17,大分トリニータレディース,2部リーグ,https://q-league.net/club/oita-trinita/
楠　舞衣,FW,18,大分トリニータレディース,2部リーグ,https://q-league.net/club/oita-trinita/
平山　迪,DF,19,大分トリニータレディース,2部リーグ,https://q-league.net/club/oita-trinita/
首藤　瑚春,DF,20,大分トリニータレディース,2部リーグ,https://q-league.net/club/oita-trinita/
江上　結奈,MF,21,大分トリニータレディース,2部リーグ,https://q-league.net/club/oita-trinita/
栗本　真帆,FW,22,大分トリニータレディース,2部リーグ,https://q-league.net/club/oita-trinita/
廣石　有咲,MF,23,大分トリニータレディース,2部リーグ,https://q-league.net/club/oita-trinita/
関　愛子,DF,24,大分トリニータレディース,2部リーグ,https://q-league.net/club/oita-trinita/
堀　夢希,MF,25,大分トリニータレディース,2部リーグ,https://q-league.net/club/oita-trinita/
宮脇　百合愛,MF,26,大分トリニータレディース,2部リーグ,https://q-league.net/club/oita-trinita/
桒野　ゆりな,MF,27,大分トリニータレディース,2部リーグ,https://q-league.net/club/oita-trinita/
加藤　咲妃,DF,28,大分トリニータレディース,2部リーグ,https://q-league.net/club/oita-trinita/
實方　萌莉,MF,29,大分トリニータレディース,2部リーグ,https://q-league.net/club/oita-trinita/
園　智尋,MF,30,大分トリニータレディース,2部リーグ,https://q-league.net/club/oita-trinita/
山田　晴香,FW,31,大分トリニータレディース,2部リーグ,https://q-league.net/club/oita-trinita/
江藤　夢磨,MF,32,大分トリニータレディース,2部リーグ,https://q-league.net/club/oita-trinita/
筑紫　紗良,GK,1,東海大学付属熊本星翔高等学校,2部リーグ,https://q-league.net/club/seisho/
今村　杏彩,DF,2,東海大学付属熊本星翔高等学校,2部リーグ,https://q-league.net/club/seisho/
本郷　百楓,DF,3,東海大学付属熊本星翔高等学校,2部リーグ,https://q-league.net/club/seisho/
杉本　茉優,MF,4,東海大学付属熊本星翔高等学校,2部リーグ,https://q-league.net/club/seisho/
片山　鈴菜,DF,5,東海大学付属熊本星翔高等学校,2部リーグ,https://q-league.net/club/seisho/
成川　初季,DF,6,東海大学付属熊本星翔高等学校,2部リーグ,https://q-league.net/club/seisho/
福田　七夕華,MF,7,東海大学付属熊本星翔高等学校,2部リーグ,https://q-league.net/club/seisho/
福島　榊,MF,8,東海大学付属熊本星翔高等学校,2部リーグ,https://q-league.net/club/seisho/
福田　美桜,FW,9,東海大学付属熊本星翔高等学校,2部リーグ,https://q-league.net/club/seisho/
森田　穂乃佳,MF,10,東海大学付属熊本星翔高等学校,2部リーグ,https://q-league.net/club/seisho/
永山　純香,FW,11,東海大学付属熊本星翔高等学校,2部リーグ,https://q-league.net/club/seisho/
宮﨑　妃,GK,12,東海大学付属熊本星翔高等学校,2部リーグ,https://q-league.net/club/seisho/
高岡　美月,DF,13,東海大学付属熊本星翔高等学校,2部リーグ,https://q-league.net/club/seisho/
當真　葵衣,MF,14,東海大学付属熊本星翔高等学校,2部リーグ,https://q-league.net/club/seisho/
友枝　紗英,MF,15,東海大学付属熊本星翔高等学校,2部リーグ,https://q-league.net/club/seisho/
本田　夢月,FW,16,東海大学付属熊本星翔高等学校,2部リーグ,https://q-league.net/club/seisho/
上内　陽七,FW,17,東海大学付属熊本星翔高等学校,2部リーグ,https://q-league.net/club/seisho/
黒木　萌音,FW,18,東海大学付属熊本星翔高等学校,2部リーグ,https://q-league.net/club/seisho/
齋藤　圓,FW,19,東海大学付属熊本星翔高等学校,2部リーグ,https://q-league.net/club/seisho/
小嶋　天歌,FW,20,東海大学付属熊本星翔高等学校,2部リーグ,https://q-league.net/club/seisho/
尾方　亜衣理,GK,21,東海大学付属熊本星翔高等学校,2部リーグ,https://q-league.net/club/seisho/
森川　哩奈,MF,22,東海大学付属熊本星翔高等学校,2部リーグ,https://q-league.net/club/seisho/
黒武者　麻鈴,MF,23,東海大学付属熊本星翔高等学校,2部リーグ,https://q-league.net/club/seisho/
梅原　陽和,DF,24,東海大学付属熊本星翔高等学校,2部リーグ,https://q-league.net/club/seisho/
坂上　華伽,DF,25,東海大学付属熊本星翔高等学校,2部リーグ,https://q-league.net/club/seisho/
畠山　杏,FW,26,東海大学付属熊本星翔高等学校,2部リーグ,https://q-league.net/club/seisho/
田上　かりん,DF,27,東海大学付属熊本星翔高等学校,2部リーグ,https://q-league.net/club/seisho/
井芹　瑳和,MF,28,東海大学付属熊本星翔高等学校,2部リーグ,https://q-league.net/club/seisho/
吉田　楓,MF,29,東海大学付属熊本星翔高等学校,2部リーグ,https://q-league.net/club/seisho/
岡村　美来,FW,30,東海大学付属熊本星翔高等学校,2部リーグ,https://q-league.net/club/seisho/
青田　ゆな,MF,31,東海大学付属熊本星翔高等学校,2部リーグ,https://q-league.net/club/seisho/
河口　凛杏來,GK,1,福岡女学院高等学校サッカー部,2部リーグ,https://q-league.net/club/fukujo/
藤　一花,DF,2,福岡女学院高等学校サッカー部,2部リーグ,https://q-league.net/club/fukujo/
末松　華恋,DF,3,福岡女学院高等学校サッカー部,2部リーグ,https://q-league.net/club/fukujo/
古家　羽瑠,MF,4,福岡女学院高等学校サッカー部,2部リーグ,https://q-league.net/club/fukujo/
益田　紗也,DF,5,福岡女学院高等学校サッカー部,2部リーグ,https://q-league.net/club/fukujo/
長瀬　璃奈,MF,6,福岡女学院高等学校サッカー部,2部リーグ,https://q-league.net/club/fukujo/
伊藤　なずな,FW,7,福岡女学院高等学校サッカー部,2部リーグ,https://q-league.net/club/fukujo/
石橋　音羽,MF,8,福岡女学院高等学校サッカー部,2部リーグ,https://q-league.net/club/fukujo/
川下　美子,FW,9,福岡女学院高等学校サッカー部,2部リーグ,https://q-league.net/club/fukujo/
津田　蒼依,FW,10,福岡女学院高等学校サッカー部,2部リーグ,https://q-league.net/club/fukujo/
石井　想来,DF,11,福岡女学院高等学校サッカー部,2部リーグ,https://q-league.net/club/fukujo/
和田　なな子,GK,12,福岡女学院高等学校サッカー部,2部リーグ,https://q-league.net/club/fukujo/
北川　心羽,FW,13,福岡女学院高等学校サッカー部,2部リーグ,https://q-league.net/club/fukujo/
中山　夏帆,MF,14,福岡女学院高等学校サッカー部,2部リーグ,https://q-league.net/club/fukujo/
金子　海音,MF,15,福岡女学院高等学校サッカー部,2部リーグ,https://q-league.net/club/fukujo/
佐藤　嘉音,MF,16,福岡女学院高等学校サッカー部,2部リーグ,https://q-league.net/club/fukujo/
高山　美夢,DF,17,福岡女学院高等学校サッカー部,2部リーグ,https://q-league.net/club/fukujo/
生田　奈瑚,DF,18,福岡女学院高等学校サッカー部,2部リーグ,https://q-league.net/club/fukujo/
馬渡　由衣,MF,19,福岡女学院高等学校サッカー部,2部リーグ,https://q-league.net/club/fukujo/
山上　真生,GK,20,福岡女学院高等学校サッカー部,2部リーグ,https://q-league.net/club/fukujo/
金子　侑生,GK,21,福岡女学院高等学校サッカー部,2部リーグ,https://q-league.net/club/fukujo/
矢野　明日香,MF,22,福岡女学院高等学校サッカー部,2部リーグ,https://q-league.net/club/fukujo/
末松　希愛,MF,23,福岡女学院高等学校サッカー部,2部リーグ,https://q-league.net/club/fukujo/
深見　ののか,FW,24,福岡女学院高等学校サッカー部,2部リーグ,https://q-league.net/club/fukujo/
井上　みずき,MF,25,福岡女学院高等学校サッカー部,2部リーグ,https://q-league.net/club/fukujo/
進藤　真奈花,GK,1,ANCLASノーヴァ,2部リーグ,https://q-league.net/club/anclas/
野田　夏帆,DF,2,ANCLASノーヴァ,2部リーグ,https://q-league.net/club/anclas/
植松　優稀,DF,3,ANCLASノーヴァ,2部リーグ,https://q-league.net/club/anclas/
廣瀬　颯夏,MF,4,ANCLASノーヴァ,2部リーグ,https://q-league.net/club/anclas/
岩本　瑠南,MF,5,ANCLASノーヴァ,2部リーグ,https://q-league.net/club/anclas/
瀧口　聖凪,MF,6,ANCLASノーヴァ,2部リーグ,https://q-league.net/club/anclas/
庄司　美優,DF,7,ANCLASノーヴァ,2部リーグ,https://q-league.net/club/anclas/
宮下　結衣,MF,8,ANCLASノーヴァ,2部リーグ,https://q-league.net/club/anclas/
井ノ上　奈月,FW,9,ANCLASノーヴァ,2部リーグ,https://q-league.net/club/anclas/
氷室　かんな,FW,10,ANCLASノーヴァ,2部リーグ,https://q-league.net/club/anclas/
近藤　杏,MF,11,ANCLASノーヴァ,2部リーグ,https://q-league.net/club/anclas/
高田　真実,FW,13,ANCLASノーヴァ,2部リーグ,https://q-league.net/club/anclas/
濱口　綾,MF,14,ANCLASノーヴァ,2部リーグ,https://q-league.net/club/anclas/
寺﨑　美和,DF,15,ANCLASノーヴァ,2部リーグ,https://q-league.net/club/anclas/
植木　菜々美,FW,16,ANCLASノーヴァ,2部リーグ,https://q-league.net/club/anclas/
藤田　乃愛,MF,18,ANCLASノーヴァ,2部リーグ,https://q-league.net/club/anclas/
高野　和花,DF,19,ANCLASノーヴァ,2部リーグ,https://q-league.net/club/anclas/
河野　彩葉,MF,20,ANCLASノーヴァ,2部リーグ,https://q-league.net/club/anclas/
渡邊　由理奈,MF,22,ANCLASノーヴァ,2部リーグ,https://q-league.net/club/anclas/
秋元　美咲,FW,23,ANCLASノーヴァ,2部リーグ,https://q-league.net/club/anclas/
衛藤　友菜,FW,24,ANCLASノーヴァ,2部リーグ,https://q-league.net/club/anclas/
松本　莉奈,MF,25,ANCLASノーヴァ,2部リーグ,https://q-league.net/club/anclas/
松嶋　皆来,FW,26,ANCLASノーヴァ,2部リーグ,https://q-league.net/club/anclas/
金澤　優花,DF,27,ANCLASノーヴァ,2部リーグ,https://q-league.net/club/anclas/
宇保　ひなの,GK,1,FC琉球さくら,2部リーグ,https://q-league.net/club/ryukyuokinawa/
小島　千明,DF,2,FC琉球さくら,2部リーグ,https://q-league.net/club/ryukyuokinawa/
喜舎場　紅,DF,3,FC琉球さくら,2部リーグ,https://q-league.net/club/ryukyuokinawa/
米本　みの里,DF,4,FC琉球さくら,2部リーグ,https://q-league.net/club/ryukyuokinawa/
田中　佑奈,DF,5,FC琉球さくら,2部リーグ,https://q-league.net/club/ryukyuokinawa/
牧山　麗菜,MF,6,FC琉球さくら,2部リーグ,https://q-league.net/club/ryukyuokinawa/
三宅　由梨亜,DF,7,FC琉球さくら,2部リーグ,https://q-league.net/club/ryukyuokinawa/
宮崎　莉奈,FW,8,FC琉球さくら,2部リーグ,https://q-league.net/club/ryukyuokinawa/
牧志　妃菜,FW,9,FC琉球さくら,2部リーグ,https://q-league.net/club/ryukyuokinawa/
伊藤　美菜子,MF,10,FC琉球さくら,2部リーグ,https://q-league.net/club/ryukyuokinawa/
國吉　真梨子,MF,13,FC琉球さくら,2部リーグ,https://q-league.net/club/ryukyuokinawa/
牟田　羽菜,MF,14,FC琉球さくら,2部リーグ,https://q-league.net/club/ryukyuokinawa/
MAEISYAROH HELSYA,FW,15,FC琉球さくら,2部リーグ,https://q-league.net/club/ryukyuokinawa/
木村　絵梨,FW,16,FC琉球さくら,2部リーグ,https://q-league.net/club/ryukyuokinawa/
高嶺　侑珠,DF,17,FC琉球さくら,2部リーグ,https://q-league.net/club/ryukyuokinawa/
塩川　心春,MF,18,FC琉球さくら,2部リーグ,https://q-league.net/club/ryukyuokinawa/
仲吉　佑莉亜,GK,21,FC琉球さくら,2部リーグ,https://q-league.net/club/ryukyuokinawa/
伊藤　真生,FW,22,FC琉球さくら,2部リーグ,https://q-league.net/club/ryukyuokinawa/
平井　梨央,GK,1,みやきなでしこクラブ,2部リーグ,https://q-league.net/club/miyakinadeshiko/
吉田　來華,FP,2,みやきなでしこクラブ,2部リーグ,https://q-league.net/club/miyakinadeshiko/
西村　百叶,FP,3,みやきなでしこクラブ,2部リーグ,https://q-league.net/club/miyakinadeshiko/
溝内　寿々香,FP,4,みやきなでしこクラブ,2部リーグ,https://q-league.net/club/miyakinadeshiko/
千綿　瑞月,FP,5,みやきなでしこクラブ,2部リーグ,https://q-league.net/club/miyakinadeshiko/
渡邉　紗千,FP,6,みやきなでしこクラブ,2部リーグ,https://q-league.net/club/miyakinadeshiko/
龍　沙也加,FP,7,みやきなでしこクラブ,2部リーグ,https://q-league.net/club/miyakinadeshiko/
林　優芽,FP,8,みやきなでしこクラブ,2部リーグ,https://q-league.net/club/miyakinadeshiko/
松浦　蕗孝,FP,9,みやきなでしこクラブ,2部リーグ,https://q-league.net/club/miyakinadeshiko/
小池　未慧,FP,10,みやきなでしこクラブ,2部リーグ,https://q-league.net/club/miyakinadeshiko/
田中　奈央,FP,11,みやきなでしこクラブ,2部リーグ,https://q-league.net/club/miyakinadeshiko/
松本　こあ,GK,12,みやきなでしこクラブ,2部リーグ,https://q-league.net/club/miyakinadeshiko/
木下　茉莉花,FP,13,みやきなでしこクラブ,2部リーグ,https://q-league.net/club/miyakinadeshiko/
外尾　光,FP,14,みやきなでしこクラブ,2部リーグ,https://q-league.net/club/miyakinadeshiko/
末永　弓珠,FP,15,みやきなでしこクラブ,2部リーグ,https://q-league.net/club/miyakinadeshiko/
白石　菜々美,FP,16,みやきなでしこクラブ,2部リーグ,https://q-league.net/club/miyakinadeshiko/
小池　唯月,FP,17,みやきなでしこクラブ,2部リーグ,https://q-league.net/club/miyakinadeshiko/
寺井　虹湖,FP,18,みやきなでしこクラブ,2部リーグ,https://q-league.net/club/miyakinadeshiko/
山田　萌絵,FP,19,みやきなでしこクラブ,2部リーグ,https://q-league.net/club/miyakinadeshiko/
石橋　怜奈,FP,20,みやきなでしこクラブ,2部リーグ,https://q-league.net/club/miyakinadeshiko/
武田　裕季,FP,21,みやきなでしこクラブ,2部リーグ,https://q-league.net/club/miyakinadeshiko/
入江　未希,FP,22,みやきなでしこクラブ,2部リーグ,https://q-league.net/club/miyakinadeshiko/
